iteration_number,tp,fp,fn,fp_overlap,fn_overlap,precision,recall,f1-score,threshold
1,170,0,3,0,0,1.0,0.9826589595375722,0.9912536443148687,1
2,23,0,6,0,0,1.0,0.7931034482758621,0.8846153846153846,1
6,0,1,1029,35,348,59,72,0.9707112970711297,0.7692307692307693,0.8583055863854977
6,1,1,19,25,109,19,20,0.6987951807228916,0.3473053892215569,0.464
6,2,1,8,20,63,1,1,0.3333333333333333,0.136986301369863,0.1941747572815534
6,total,1,1056,48,482,111,131,0.9643387815750372,0.7292134831460674,0.8304542546385156
